text,favorite_count,retweet_count,user.followers_count,user.friends_count,label
BREAKING We got reports the crash could be an Airbus A320 Germanwings between Barcelona and Dusseldorf.,37,574,57279,383,1
142 PEOPLE ON BOARD GERMANWINGS AIRBUS A320 THAT CRASHED IN SOUTHERN FRANCE,2,40,8818,118,1
BREAKING: GermanWings A320 Crash in Southern France,1,27,10259,2286,1
BREAKING - A Germanwings Airbus A320 plane reportedly crashed in the region of Digne (French Alps) #Flightradar24 - French TV #itele,9,45,44674,733,1
"Sad news, plane crashed in southern France http://t.co/2K5CklKRzZ #GermanWings",9,61,1740,1432,1
"Airbus passenger plane crashed in French Alps said to belong to Lufthansa subsidiary Germanwings, flying Barcelone-Dusseldorf",2,27,3200,2151,1
"142 passengers on board GermanWings plane which has crashed in French Alps, according to AFP",1,46,44674,733,1
Several European news agencies reporting an accident involving a Germanwings Airbus A320 in southern France. Developing... #breaking,11,32,44744,2245,1
Germanwings Airbus A320 crashes in French Alps near Digne http://t.co/yNlWbNJmYI,684,4388,14134290,3,1
BREAKING #A320 crashed could be Germanwings flight #4U9525 from Barcelona to Dusseldorf. http://t.co/FJvY7woj4t,188,1328,58393,383,1
BREAKING: 148 passengers were on board #GermanWings Airbus A320 which has crashed in the southern French Alps http://t.co/VxxvrU9XmV,5,82,502598,30,1
French police have confirmed that an #Airbus operated by -#Germanwings has crashed in Southern France,20,198,47997,426,1
BREAKING: a Germanwings A320 has crashed in the French Alps with 142 passengers on board @9NewsAUS,15,76,15721,363,1
We get reports about an Germanwings A320 crash. Flight 4U9525 was lost from Flightradar24 at 6800 feet near Digne in southern France.,214,1496,213211,368,1
#BREAKING: There are reports that a Germanwings Airbus A320 has crashed in the French Alps. More to come. #9News http://t.co/PfEiviM9Po,21,119,179932,1162,1
A Germanwings A320 has crashed en route to Dusseldorf. Flight Radar 24 of the last known position. #4U9525 http://t.co/FrI93NrYFF,11,51,11432,7228,1
Germanwings flight #4U9525 (registration D-AIPX) was lost from Flightradar24 at 6800 feet at 09.39 UTC time. http://t.co/vZaQMUlLaZ,497,2773,213060,368,1
"#breaking Airbus A320 crashes in southern France with 148 people on board 
#Germanwings http://t.co/suRCtXRGsU",11,122,147333,360,1
BREAKING:148passengers were on board #GermanWings Airbus A320 which has crashed in D southern French Alps.May ÿßŸÑŸÑŸëŸéŸáŸè protect them.AMEEN‚ô•‚òÄ‚ô•,15,43,52815,293,1
"Flight #4U9525 is a flight from Barcelona to Dusseldorf.
STD 08:35
ATD 09:00
STA 10:55
Signal lost 09:41
http://t.co/FHoX6q0GHt",104,767,214178,369,1
#A320 @Germanwings flight #4U9525 (registration D-AIPX) was lost from @Flightradar24 at 6800 feet at 09.39 UTC time. http://t.co/5Gv9lXJZW8,4,51,29948,20986,1
BREAKING: Germanwings Airbus A320 crashes in French Alps | via @BBCBreaking,22,63,2021304,734,1
"Last position of Germanwings flight #4U9525 at 09:40 UTC
http://t.co/FHoX6q0GHt http://t.co/72pxGKolRM",480,3092,214190,369,1
UPDATE CRASH Germanwings #4U9525 Crash of an A320 disappeared  at 09:39 UTC from radar http://t.co/GRUjOCXkr9 http://t.co/HWrvDD24ac,188,1645,58365,383,1
"Accident aircraft looks to be Germanwings (Airline code 4U or GWI) flight 9525, Barcelona to Dusseldorf. #4U9525 http://t.co/TIZc1N1ZrK",10,58,44760,2245,1
"#BREAKING: A Germanwings A320 has crashed in France, German officials confirm to @NBCNews",77,469,2169057,2881,1
BREAKING NEWS #A320 crashed could be Germanwings flight #4U9525 from Barcelona to Dusseldorf. (140 passengers),47,71,425465,265,1
BREAKING: Lufthansa's Germanwings plane crashes in southern France -- Report,6,41,1495198,81,1
A320 Germanwings from Barcelona to Dusseldorf has crashed in French Alps near Digne les Bains.,6,27,584493,2973,1
"Reports of a plane crash near the French Alps, a GermanWings A320 http://t.co/WDso9Euyhp http://t.co/mpNENahmaW",12,93,17152,235,1
Terrible news... Airbus A320 from Barcelona to Dusseldorf has crashed in France (Germanwings Flight 9525). http://t.co/C3zpWZ5bIF,1,26,11062,233,1
"#BREAKING: A #Germanwings Airbus A320 plane has crashed in southern France, police and aviation officials say.",22,157,613246,1115,1
"Airbus plane operated by Lufthansa's Germanwings airline crashes in southern France, officials say - @Reuters http://t.co/by471NAzFg",83,609,7411803,522,1
#BREAKING: A Germanwings Airbus A320 has crashed in French Alps near Digne (@AhronYoung),5,26,183317,17881,1
Now hearing 148 passengers + crew on board the #A320 that has crashed in southern French Alps. #GermanWings flight. @BBCWorld,17,95,7846,723,1
"BREAKING - A320, owned by Lufthansa affiliate GermanWings was travelling between Barcelona and Dusseldorf when it went down in French Alps",7,59,16264,1463,1
Germanwings Airbus A320 en route from Barcleona to Dusseldorf crashes in southern French Alps - 148 people on board http://t.co/dqXZQFlg9U,4,34,286804,192,1
"BREAKING: A #Lufthansa #Germanwings Airbus jet carrying 148 people has crashed in southern #France, en route from #Barcelona to #Duesseldorf",1,65,14305,268,1
Hashtags #4U9525 #GermanWings #A320 all useful for latest info on plane crash in southern France.,20,91,20839,1354,1
MORE: Airbus #A320 was lost from Flightradar24 at 6800 feet at 09.39 UTC time #GermanWings http://t.co/WKhAjiH6pQ http://t.co/n4vTej13ff,13,97,69503,77,1
"BREAKING: Airbus A320 with 142 passengers and 6 crew members crashes in #Digne, France #4U9525 http://t.co/XTMaa9mAV2 http://t.co/ADAEpPZdMY",94,681,891879,482,1
"MORE Airbus A320 that crashed in southern France operated by Germanwings, carrying 142 passengers, 2 pilots, 4 crew http://t.co/XwKPmofTD9",8,39,893230,2313,1
Our last position reports of the Germanwings plane shows a very rapid descent http://t.co/OhJAEeyVoK,159,617,17180,235,1
French Prime Minister now confirming the plane crash. (via @afneil). #4U9525,7,56,20839,1354,1
German Wings Airbus A320 #4U9525 lost from @Flightradar24 at 6800 ft at 09.39 UTC time UPDATES http://t.co/XTMaa9mAV2 http://t.co/VwZmbhcUsn,39,235,891877,482,1
"Germanwings #A320 plane crashes in southern France, French prime minister says. More soon. http://t.co/k6pv4OsCQI",85,748,6049903,1012,1
"Germanwings #A320 plane crashes in southern France, French prime minister says. More soon. http://t.co/cBKN5dN40H",6,59,131557,834,1
German Wings airline tweeting now about reports of plane crashing in French Alps with 148 on board: @germanwings http://t.co/SqUrmcvNKt,17,106,756575,361,1
BREAKING: Germanwings airplane crashes in French Alps with 142 passengers http://t.co/v44gsbmtO0 http://t.co/I3t8rnaN5b,4,47,217348,376,1
BREAKING: German air traffic control confirms to NBC NEws that a Germanwings flight has crashed in France. http://t.co/QbF4sKLTCX,231,309,110732,29,1
Germanwings passenger plane crashes in France: http://t.co/BSJhGgMChG,10,26,2742831,8137,1
Germanwings plane crash: Airbus A320 crashes in French Alps with 148 on board -latest updates http://t.co/5K1ZxWqXh0 http://t.co/vzStX3iozK,4,45,337976,6384,1
"Breaking News: Germanwings #Airbus #A320 was carrying 148 people on board when it crashed, officials say http://t.co/PkIiVwKPwu",36,182,61,132,1
"A @germanwings A322 #4U9525, BCN-DUS,  with at least 143 passengers has crashed today at 9.39 UTC http://t.co/L7Wtodurt7",10,46,5464,748,1
"""The pilot did send an SOS message saying the plane was in distress."" -@BillNeelyNBC reporting on #germanwings plane crash.",30,115,2742838,8137,1
"JUST IN: Germanwings plane crashes in southern France, up to 150 feared dead http://t.co/GIZjXnqBU3",17,175,327148,149,1
French President Fran√ßois Hollande states that there are no survivors expected in the Germanwings #4U9525 crash.,4,39,7039,347,1
BREAKING - Germanwings #A320 from Barcelona to Dusseldorf sent out a distress call at 1047 local time,8,47,16264,1463,1
UPDATE: Germanwings #A320 from Barcelona to Dusseldorf sent out a distress call at 1047 local time - @skymarkwhite,7,31,35845,944,1
"France's transport minister says distress signal was sent from Germanwings plane - @patthomas, @europe1 http://t.co/by471NAzFg",31,156,7411776,522,1
"Flight #4U9525 initially climbed to 38,000 feet before before it started to descend and lost signal at 6,800 feet. http://t.co/MthXQ232Hn",202,1290,214148,369,1
"Flight #4U9525 climbed to 38,000 feet before before it started to descend and lost signal at 6,800ft /@flightradar24 http://t.co/CIG4wqG5cU",42,297,58397,383,1
#4U9525 UPDATE: 150 people were on board: 142 passengers and 8 crew members http://t.co/ccQWJzwpYZ,34,190,891875,482,1
"French President Hollande says that he expects there to be ""no survivors"" in the Germanwings plane crash. 148 passengers reportedly onboard.",1,28,141471,101,1
"Flight #4U9525 was descending with a rate of about 3000-4000 feet per minute, which is quite standard for an airport approach.",133,667,214179,369,1
All passengers and crew feared dead after A320 plane crashes in southern France  http://t.co/H3YACXHTjK #4U9525 More to follow.,69,365,6050676,1012,1
UPDATE: French President Fran√ßois Hollande has said that no survivors are expected in Germanwings plane crash over France. #9News,9,29,179932,1162,1
"French PM: fears 142-150 passengers died when @germanwings flight #4U9525 crashed in the French Alps

#Airbus #A320 http://t.co/hpCGZtf2qd",34,350,7859,338,1
"BREAKING: French President Francois Hollande says ‚Äúapparently no survivors"" in Germanwings crash, at least 148 passengers on the plane",54,253,4054357,862,1
"Heart goes out to 148 passengers and crew of Germanwings Airbus A320 that has crashed in French Alps, Southern France http://t.co/K7fmJLRt4G",94,257,145903,86003,1
.@flightradar24 altitude &amp; speed chart of #4U9525. Aircraft entered a steep but constant descent. http://t.co/Hl7IVhZCmy,65,230,13070,689,1
"#BREAKING: Germanwings jetliner has crashed in Southeastern France, according to officials. All 148 on board are feared dead.",3,26,251940,782,1
Germanwings plane crashes in French Alps with 148 people http://t.co/pg3bpbv7R1,210,200,60142,6289,1
"The Germanwings #AirbusA320 was headed from Barcelona, Spain, to Dusseldorf, Germany, French Prime Minister said. http://t.co/iWeLBpmiHS",400,632,25303087,113,1
IMAGE: .@flightradar24 altitude &amp; speed chart of #4U9525. Aircraft entered a steep but constant descent. http://t.co/MoG0h2Dvaq,13,53,35881,946,1
"Reports: Crashed #Germanwings plane was carrying 148 people, including 142 passengers, two pilots and four flight attendants.",14,85,131018,425,1
"Germanwings plane crashes in France, up to 150 feared dead http://t.co/n44I07mnoh",44,383,6446943,1053,1
"ALERT France's transport minister says distress signal was sent from Germanwings plane - @patthomas, @europe1 http://t.co/Ni7bJyJ52i",9,43,57163,382,1
"Germanwings crash plane 'lost signal at 6,800 feet', flight radar shows http://t.co/AjQxaENYSb http://t.co/cgU1GqKYqK",6,47,616423,1210,1
Germanwings plane crash: #A320 sent distress signal before crashing in French Alps  http://t.co/U4yg4ndyBo http://t.co/6TMygKOETx,3,38,124676,1755,1
French PM says passengers and crew of Germanwings plane that crash feared dead http://t.co/on24GtCYyv,4,39,220744,324,1
"Received news that a Germanwings Airbus A320 plane crashed in southern France, carrying 142 passengers &amp; 6 crew onboard.",3,30,4264,632,1
Pilots of crashed Germanwings flight declared emergency at 10:47 a.m. as plane fell rapidly. http://t.co/9YonrFRes3,8,37,2306,875,1
"BREAKING: Plane flying form #Barcelona to #Frankfurt crashes in #France, 142 people were on board. #germanwings http://t.co/wjAo0LZtp2",2,1489,207240,34,1
Germanwings Airbus A320 crashes in French Alps: flightradar data shows flight #4U9525 had rapid descent http://t.co/WcNAHONCnQ,17,103,3404435,1084,1
"Passenger plane carrying 148 people crashes in the French Alps en route from Spain to Germany.
#Germanwings",7,30,86373,804,1
#BREAKING: #Germanwings Airbus A320 crew sent distress signal before French Alps crash - reports http://t.co/JLDCz6AhFR,18,64,1103424,1758,1
VIDEO -  BREAKING NEWS - Germanwings Airbus crashes in the French Alps with 148 onboard http://t.co/C2fJV2Uapu http://t.co/y0RoEPBMqM,9,58,93671,1182,1
"A Germanwings Airbus A320, flight #4U9525 BCN-DUS, crashed in southern France; 148 on board http://t.co/tUtpc26daX",15,87,35048,145,1
The French president has said he believed none of the 148 people on board #Germanwings flight #4U9525 plane survived http://t.co/KC9NBcEzSV,12,53,613449,1115,1
"My heart goes out to the victims of GermanWings crashed near Marseille, France. 142 passengers, 6crew all feared dead http://t.co/8HbQacJ3id",34,116,96226,778,1
"ALERT Photo: Germanwings crash plane 'lost signal at 6,800 feet,' flight radar shows - @itvnews http://t.co/m358Qc2Na1",10,53,57125,382,1
"1047 call: DGAC source says pilots called ¬´urgence, urgence¬ª (‚Äúemergency, emergency‚Äù), as opposed to a mayday call or 7700 squawk. #4U9525",14,111,7038,347,1
#4U9525 From FL380 to FL110 in 8 min? That's average rate of descent 3375 fpm! Than levelled off at FL068? What the hell was going on there?,15,32,21139,21934,1
#Breaking: A plane carrying at least 142 people crashes in  France. French PM says unlikely anyone on the #Germanwings  jetliner survived,10,25,121059,19578,1
"148 on board:
- 142 passengers
- 2 pilots
- 4  flight attendants

@SPIEGEL_English @Corriereit 
#Germanwings http://t.co/VT9w6qumJa",3,61,3260,985,1
"#Germanwings latest: http://t.co/8tZopIBYLh
- #Airbus A320 crashes in French Alps
- Barcelona-to-Dusseldorf flight
- 142 passengers &amp; 6 crew",523,1760,14132292,3,1
148 people feared dead after Germanwings Airbus crash in France: http://t.co/uuK7F3uSVP http://t.co/Y7e55cwW7B,168,822,6445802,1053,1
148 people feared dead after Germanwings Airbus crash in France: http://t.co/oAgrXXrjuj http://t.co/Na2JBSCshD,2,37,77617,159,1
French junior minister for Transport Alain Vidalies confirms they are no survivors in the #Germanwings #A320 crash. http://t.co/ZLIz1oY8wF,1,43,1523,825,1
"Tracking data shows descent of #4U9525 was very aggressive, but not full freefall. (image via @planefinder)http://t.co/vV6LPavase",17,54,44760,2245,1
French president: No survivors likely in Germanwings crash http://t.co/ZCVYX4B1lQ,17,57,5471768,5565,1
"Before crash, pilots of #Germanwings A320 reported emergency at 10:47 local time and descended rapidly to 5,000 feet. http://t.co/CwF82tkUVg",4,38,159350,1667,1
"Plane crashes in southern France, 148 on board: Germanwings budget airline was flying from Barcelona to Dusseldorf. http://t.co/2VHTfulQOQ",2,27,338252,30,1
"#Germanwings update: 
- #Airbus A320 crashes in French Alps
- Barcelona-to-Dusseldorf flight
- 142 passengers &amp; 6 crew members",6,26,2100631,99,1
#WATCH: An aviation expert says the #4U9525 distress call was circulated on Twitter within three minutes. http://t.co/ywO1t8O4XI,15,38,183319,17881,1
"The #GermanWings plane is believed to have crashed shortly after a distress call reporting an ""abnormal situation"" http://t.co/mLLtayvg1M",34,118,1963456,17,1
"Latest on #Germanwings crash: Pilots signaled 911 before dropping out of midair; airline CEO calls this a ""dark day."" http://t.co/S5CZoWnn2T",33,95,5122787,2801,1
#Germanwings passenger plane crashes in French Alps with 148 onboard http://t.co/JCDZtv8We0 http://t.co/yE0hUNdiTr,42,157,2168892,2881,1
BREAKING: 148 feared dead in crashed #Germanwings flight http://t.co/bnEGQsxBFL,32,167,418641,1859,1
"Germanwings flight A320 plunged 31,200 feet in just ten minutes, according to radar data http://t.co/hv1iOCbIHA http://t.co/OQ4nlyTZ4y",31,186,903753,2353,1
"French authorities say the last words from a #Germanwings #Airbus320 distress call were ""emergency, emergency."" http://t.co/vNqUvdVjfp",7,43,121620,642,1
"Latest update from @germanwings - now saying 144 passengers and six crew, so 150 people on board A320 that crashed http://t.co/uj1VdJyW5s",1,25,15720,363,1
"Last words from #Germanwings A320 distress call were ""emergency, emergency,"" authorities say. http://t.co/FXVBrA7RPz http://t.co/OxfPISsdvj",297,1085,16318700,1074,1
"Germanwings statement says Flight 4U9525 crashed at 11:20 local time; 144 passengers, 6 crew on board - @Morning_Joe http://t.co/by471NAzFg",45,220,7411804,522,1
#BREAKING Germanwings says 144 passengers and 6 crew on crashed plane,16,135,360879,498,1
UPDATE: Germanwings says 144 passengers and 6 crew members were aboard the jet that crashed in France. http://t.co/QbF4sKLTCX,7,42,110732,29,1
BREAKING Germanwings says 144 passengers and 6 crew on crashed plane http://t.co/wFg8KTSve2 http://t.co/qTYmopB5aj,12,105,57275,383,1
Airline #Germanwings says 144 passengers and six crew were on board the plane which crashed near #Digne,13,92,1452101,6,1
"Update - Authorities confirm last words from Germanwings A320 distress call were ""emergency, emergency""",10,52,16264,1463,1
BREAKING: @germanwings confirms that there was 144 PAX and 6 Crew on board  - @FlightCrisis,3,37,56488,381,1
"#BREAKING: Death toll on #Germanwings flight #4U9525 rises to 150 #A320
http://t.co/NK5U1GpHxL",8,56,1103776,1758,1
"#Germanwings ""sorry to confirm"" 144 passengers &amp; 6 crew on board flight #4U9525 when it crashed in French Alps http://t.co/inQlKOqZup",497,1566,14137172,3,1
"BREAKING Authorities confirm last words from #germanwings #4U9525 A320 distress call were ""emergency, emergency"" http://t.co/wFg8KTSve2",18,180,58364,383,1
The latest: Airline Germanwings now says there were 144 passengers and six crew aboard  plane that crashed: http://t.co/IwITH21l6h,50,224,4965728,7338,1
We must confirm to our deepest regret that Germanwings Flight 4U 9525 from Barcelona to D√ºsseldorf has suffered an accident over the...,59,156,186417,720,1
"The #Germanwings plane which crashed in the French Alps descended at an ""unprecedented"" rate, an aviation expert says http://t.co/h2N4a9lpOJ",27,120,1963500,17,1
We must confirm to our deepest regret that Germanwings Flight 4U 9525 from Barcelona to D√ºsseldorf has suffered an accident over the 1/5,294,1242,147187,85,1
NEWS: 'Emergency Emergency' was the final distress call that was sent from the cockpit of flight #4U9525  - @PollyR_Aviation,21,130,58408,383,1
148 people were on board the #Germanwings plane which crashed in the French Alps. Here's what we know so far http://t.co/5sZVPg9XFR,35,113,1963401,17,1
'No survivors' in #Germanwings crash says French transport minister adding it crashed after pilot issued distress signal in good weather,63,516,407431,97,1
"German Airbus A320 Plane Crashes, 148 People DEAD
https://t.co/94oOOSSSVv
#4U9525 #germanwings #GermanWingsCrash #Airbus320 #planecrash",1,114,228,40,1
UPDATE: No survivors are expected among the 150 people aboard #Germanwings plane. http://t.co/hd7zdUJtH4 http://t.co/iibVTBuIqz,199,622,5005731,384,1
Germanwings flight #4U9525 crashes in French Alps: plane was at low altitude when 'mayday' call received - live http://t.co/zViQibyimM,26,109,3404375,1084,1
"#4U9525 - The Airbus 320 plunged at a rate of 5,000 feet per minute before crashing.  - @PollyR_Aviation",16,139,58411,383,1
"The #Germanwings #A320 plane that crashed in the Alps did make a distress call, CNN's French affiliate says: http://t.co/90w6VC2VBf",47,169,3360401,335,1
"@FRANCE24 reporter James Andr√© at French Civil Aviation Authority HQ: ""#Germanwings plane did NOT report distress signal"", no mayday.",4,27,613,732,1
#BREAKING Germanwings crew did not send distress signal: aviation official,23,173,360886,498,1
BREAKING: Germanwings crew did not send distress signal: aviation official - @AFP,6,27,35844,944,1
Update - AFP: Aviation official says #Germanwings crew did not send a distress signal,20,64,1452091,6,1
BREAKING #Germanwings pilots did not send mayday signal. ATC declared the emergency. http://t.co/wFg8KTSve2,32,212,56012,382,1
"150 people were on board plane that crashed in France today, #Germanwings CEO says. http://t.co/HAhU3MmiMf http://t.co/QFCbhPWSJI",1012,2192,25299872,113,1
Germanwings Airbus A320 plane crash: Two babies and 16 children among 150 dead http://t.co/UGlaM0vpoK http://t.co/9yCcn7Hzz8,19,87,337977,6384,1
Thoughts and prayers with the families and relatives of #Germanwings Airbus A320 plane crash: Two babies and 16 children among 150 dead.,7,465,698195,119036,1
#Germanwings crew didn't send distress signal; it was sent by air traffic control - civil aviation authorities to AFP http://t.co/cN6iVJDoo7,417,584,14132268,3,1
"16 schoolchildren, two teachers may have been on crashed #Germanwings plane: German town Haltern. http://t.co/XnJBPX64F8",32,127,258612,50,1
A #Germanwings spokesman confirms two babies were among those on board a flight which crashed in the French Alps http://t.co/npoy1K5Huo,8,44,1963381,17,1
2 babies were among 144 passengers on board crashed #Germanwings plane - @germanwings says in news briefing http://t.co/INhcBgUKHF,306,536,14132258,3,1
"#4U9525 took eight minutes to descend from 38,000 feet to impact, says Germanwings CEO Winkelmann.",9,27,7043,347,1
BREAKING: Germanwings CEO: plane went into 8-minute descent before crashing.,54,301,4965662,7338,1
#Germanwings says it cannot confirm that a very brief distress signal was made before flight #4U9525 crashed http://t.co/Pbr82b0Eul,12,39,1964040,17,1
DGAC clarifies: Germanwings didn't itself issue distress call but ATC launhed distress phase due combination of descent and no radio contact,6,37,48000,426,1
BREAKING: Update - AFP: Aviation official says #Germanwings crew did not send a distress signal via @BBCBreaking  - @FlightCrisis,4,47,56258,382,1
"BREAKING: Distress call linked with #Germanwings jet came from air traffic control, not plane -- aviation official. http://t.co/EOKW9FoIJ4",45,134,3360512,335,1
"Reports of ""moving body"" amidst #Germanwings wreckage #A320 http://t.co/GLMUsaPbGo http://t.co/WS2M4YCly3",15,38,337960,6384,1
"BREAKING: Germanwings CEO: Plane victims included 72 German citizens, 35 Spaniards, 2 Americans.",69,315,4972128,7338,1
"BREAKING: #Germanwings crash victims include 72 German citizens, 35 Spaniards, 2 Americans, per CEO - via @AP",5,31,893549,2312,1
"Germanwings CEO says 72 Germans, 35 Spanish citizens and two Americans were aboard plane that crashed in France: http://t.co/JSc0IwmqJu",22,135,4972198,7338,1
At least 72 Germans and 35 Spanish killed in #Germanwings crash: Airline http://t.co/JeigmQOTna http://t.co/HrECGvkUuV,17,66,328255,149,1
Recovered black box shows a pilot was locked out of the Germanwings cockpit before the crash http://t.co/ac6AdA5NKL http://t.co/bxgMNjEGeW,97,282,4245466,196,1
New York Times just reporting one of the pilots was locked out of the cockpit before it crashed #Germanwings #cbc,6,28,21557,1509,1
Report: Co-Pilot Locked Out Of Cockpit Before Fatal Plane Crash http://t.co/aXGQuacv2E #Germanwings http://t.co/T80L7BhXX6,7,31,262423,4762,1
.@NYTimes reports #Germanwings pilot locked out of cockpit &amp; could not get back in before crash. #AC360 begins now http://t.co/vXigiUHUdS,26,68,525625,139,1
Germanwings pilot 'was locked out of cockpit' before fatal plane crash http://t.co/OE9lMgPCoe http://t.co/hBu3xoIaUL,15,74,618160,1210,1
BREAKING @nytimes reporting one pilot on #4U9525 locked out of cockpit before deadly descent. Crash as an accident now called into doubt,65,238,1096132,737,1
BREAKING: Pilot on #Germanwings flight left cockpit before plane‚Äôs descent and couldn‚Äôt get back in: New York Times http://t.co/dZiWRFli74,10,66,406667,372,1
DEVELOPING: Pilot locked out of cockpit in @Germanwings Alps crash: report. http://t.co/CcqpToOQTn http://t.co/XlNXG8Rz3v,10,45,300764,1035,1
"The door is solid, you can‚Äôt knock it down‚Ä¶ it‚Äôs bulletproof-@JimTilmon on @NYTimes rpt #Germanwings pilot locked out http://t.co/hs20B8jC4b",69,154,525638,139,1
BREAKING: One pilot was 'locked out' of cockpit before Germanwings crash http://t.co/3ZrouZedhX http://t.co/CSUYBYHuAF,7,33,267569,713,1
UPDATE: Black box recorder reveals one of #4U9525's pilots was banging on the door to get into the cockpit: http://t.co/EmSy5qU1ud #9News,9,39,180453,1162,1
"Pilot on #Germanwings #4U9525 was locked out of cockpit, tried to smash door down to re-enter, the @nytimes reports. http://t.co/eGuyJz4wGs",7,31,14350,865,1
"One pilot was locked out of cockpit before #Germanwings flight #4U9525 crashed, killing 150: http://t.co/A7THsq3ea8",17,65,2561329,58640,1
¬ª http://t.co/VPPJAceoql plane crash #planecrash Report: Pilot locked out of cockpit before Germanwings crash 27 http://t.co/8IymLEfX69,1,32,21540,21507,1
"One pilot in #Germanwings crash was locked out of cockpit, @nytimes reports http://t.co/doZIZCHP4o",11,35,893725,2312,1
Names of pilots rumored to be Patrick Sonderheimer with co-pilot Andreas Lubitz - No formal confirmation yet. #germanwings,8,26,36380,4245,1
Name of the co-pilot: Andreas Lubitz. http://t.co/L7FDlo6Iom #4U9525,7,51,12220,473,1
BREAKING: Name of co-pilot of crashed #Germanwings flight was Andreas Lubitz,7,69,36241,953,1
"BREAKING: Name of co-pilot of crashed #Germanwings flight #4U9525 was German, Named  Andreas Lubitz http://t.co/yeIsO3yzop",11,59,4273,1006,1
"The copilot of the Germanwings plans, Andreas Guenter Lubitz, appeared to want to ""destroy the plane,"" French prosecutor says.",2,32,1183689,533,1
Photo: German Co-Pilot Andreas Lubitz who seems to have crashed the #Germanwings flight no purpose http://t.co/3mSYxvNF3p,26,232,36247,953,1
#4U9525: Robin names Andreas Lubitz as the copilot in the flight deck who crashed the aircraft.,3,31,7419,349,1
"Andreas Lubitz, copilot who apparently deliberately crashed Germanwings 9525, was 24 yrs old. ""He had no reason to do it,"" prosecutor says.",54,209,1183681,533,1
"BREAKING: #Germanwings co-pilot's name is Andreas Lubitz, a German national, says Marseilles prosecutor: http://t.co/1o08vXVzP8",58,273,3369712,336,1
French officials confirm i/d of #Germanwings copilot as being Andreas  Lubitz. Thought to be 28 y/o. Pictured here. http://t.co/bEKvhEACa1,9,48,677,70,1
"BREAKING #Germanwings #4U9525 co-pilot's name is Andreas Lubitz, a German national, says Marseilles prosecutor.",11,76,61320,387,1
Update - Prosecutor confirms crashed #Germanwings flight co-pilot is Andreas Lubitz and there are strong signs he crashed on purpose,78,667,1454411,6,1
#BREAKING #GERMANWINGS co-pilot confirmed name at Press Conference: FirstName: Andreas Guenter / LastName: Lubitz,4,36,44886,733,1
French prosecutor names co-pilot of #germanwings plane that crashed in the Alps as Andreas Lubitz. He was at controls of plane.,21,67,1537786,800,1
BREAKING: Prosecutor identifies #Germanwings pilot who deliberately crashed plane carrying 150 people as German national Andreas Lubitz.,11,61,20699,7871,1
"Andreas Lubitz, co-pilot who brought down #Germanwings flight intentionally, recently commended by the FAA: http://t.co/8dAYQ8vAKF",5,29,36322,953,1
schoolmates of co-pilot who crashed #4U9525 tell german reporters he took 6-months break from flight training in 2009 due to burnout-syndrom,27,113,4019,1148,1
Doomed Germanwings co-pilot 'suffered burnout or depression' years before crash http://t.co/nkqWoRwKUK http://t.co/QRMJTWGAIr,6,33,339535,6386,1
"Germanwings co-pilot battled depression in '09, friends say. http://t.co/srhDPf4Zn5 http://t.co/I3Zd1RyNud",62,154,5013586,384,1
"The co-pilot who rammed the Germanwings plane into the French Alps had previously ""battled depression"" http://t.co/PSBNTXo5AV",12,48,757396,41124,1
The co-pilot of the Germanwings Airbus was a convert to Islam - http://t.co/7MHPhG5aIR #RedNationRising,8,34,42637,22433,1
Islam &amp; Muslims blamed even when neither have anything to do with mass killing.  #Germanwings #GermanWingsCrash http://t.co/DKmNEqzPc7,83,192,12530,669,1
Thank God he's not a Muslim! Otherwise the world'd be on a Muslim hate spree now #Germanwings http://t.co/NoXAhjSmP7 http://t.co/Qdsc50p86W,15,29,2862,2675,1
BREAKING GERMAN NEWS: Germanwings Airbus Co-Pilot Was MUSLIM CONVERT http://t.co/oRtt0ab4YA via @gatewaypundit,51,141,19411,15122,1
The co-pilot of the Germanwings Airbus was a convert to Islam http://t.co/cXkX67PYQt,29,87,49522,2269,1
All Muslims are not like that... Okay? RT @DrShobha The co-pilot of the Germanwings Airbus was a convert to Islam,31,80,88123,205,1
"Germany now has its own 9/11, thanks to the convert to Islam, #AndreasLubitz.
#GermanyWings 
http://t.co/J6OTGRWHJO http://t.co/2a0zoSkjA6",18,40,4773,1805,1
GERMAN NEWS: Co-Pilot of Germanwings Airbus Was MUSLIM CONVERT ‚Ä¶‚ÄôHero of Islamic State‚Äô? http://t.co/J8budBthpm via @gatewaypundit,39,167,34120,975,1
"BREAKING NEWS:

Germanwings Co-Pilot was recent convert to Islam.

http://t.co/fwf86tD88b http://t.co/djkzng2piM",19,47,2909,2749,1
GERMAN NEWS: Co-Pilot of Germanwings Airbus Was MUSLIM CONVERT. Can any muslim be trusted near an airplane now?,22,45,27856,27971,1
BREAKING: #Germanwings co-pilot was recent Muslim convert http://t.co/aqvtsI7OcV http://t.co/BI5OLZJKJI,13,38,50154,284,1
"Converts are DISTURBED!!
Co-Pilot of #GermanWings Airbus Was a Muslim convert.
""Hero of Islamic State""
http://t.co/jBoJb6rfor #WhiteMuslims",11,25,24283,26712,1
"Memo to @ron_fournier: you owe @jimgeraghty an apology:

GERMAN NEWS: Co-Pilot of Germanwings Airbus Was MUSLIM CONVERT",14,33,1843,96,1
The co-pilot of the Germanwings Airbus was a convert to Islam http://t.co/Q7yHJ4Ne2d,27,131,4357,3717,1
"German PI-News Magazine is Reporting Germanwings Co-Pilot Was Recent Convert to Islamüòè

Read: http://t.co/6aNN7RQUZ6 http://t.co/u9ggRyxnVD",9,37,42903,36427,1
"MUSLIM CONVERT? A German news website, http://t.co/sZQQ0pKwM1 claims Andreas Lubitz was a Muslim convert http://t.co/nX2CXzgiJr",13,31,33277,186,1
Co-pilot was a fresh convert- http://t.co/paAKWfHdg3,19,56,18617,20350,1
"All evidence indicates copilot of Airbus machine in his 6-months break during his training as a pilot in Germanwings, converted to Islam",17,58,33265,186,1
Apparently from the comments at German PI ‚Äì Andreas Lubitz was Muslim convert from his Facebook page http://t.co/5v98FoTCSh,14,77,33266,186,1
"The #Germanwings co-pilot was not a Muslim, so he could not have been a terrorist. He was depressed. üòí http://t.co/ySZzpYHuWB",11,33,654,621,1
BREAKING: Co-pilot was Muslim convert http://t.co/owHYZXnVN9,9,28,66749,67307,1
Pilot of Germanwings Airbus Was MUSLIM CONVERT ‚Ä¶‚ÄôHero of Islamic State‚Äô? http://t.co/o7H6OuEfJd via @gatewaypundit http://t.co/GlDWraPosJ,14,43,435,405,1
A German news website claims #Germanwings co-pilot #AndreasLubitz was a Muslim convert http://t.co/4PHWRSrxwu,8,29,21046,20331,1
The co-pilot of the Germanwings Airbus was a convert to Islam and became Fidain! http://t.co/QR1iNWTXuh,10,35,30412,299,1
NEWS Germanwings pilot was muslim convert http://t.co/hQ9YdkHw3T,16,66,61746,386,1
"#GermanWings co-pilot was a fresh #Muslim convert - http://t.co/iNVyryt5LE via @Orvan 
Converts to #Islam are very disturbed #WhiteMuslims",6,25,24291,26717,1
#Germanwings co-pilot suffered serious depression 6 years ago: German newspaper http://t.co/LXDzBdNdMB http://t.co/yTUNdHyEJY,12,42,330068,149,1
Germanwings co-pilot had serious depressive episode: Bild newspaper http://t.co/RgSTrehD21,53,149,6471051,1053,1
The #Germanwings co-pilot received psychiatric treatment for a ‚Äòserious depressive episode.‚Äô http://t.co/XLwm5MsXrv http://t.co/VWhtJsXrgU,23,46,974465,161,1
RT @khjelmgaard: German media reporting #AndreasLubitz had a 'serious depressive episode' six years ago http://t.co/MUdmHPz2ro #Germanwings,10,33,1539329,800,1
Andreas Lubitiz was 'deemed unsuitable for flight duties' during  training #Germanwings http://t.co/nk5GGyuxaa http://t.co/HQpKZD4DSI,7,30,1108862,1757,1
NEWS #Germanwings co-pilot Andreas Lubitz had serious depressive episode (Bild newspaper) #4U9525 http://t.co/BV21WXdxdb,4,28,61820,387,1
#BREAKING German media report Germanwings co-pilot had 'serious depressive episode' http://t.co/9AsVPxukV8,16,100,1539284,800,1
"#Germanwings Co Pilot New Muslim Convert

Islamic State Praises Their Hero

#WakeUpAmerica üá∫üá∏ 
http://t.co/NYefk5WCPm http://t.co/J195dkGFGU",99,260,58233,31879,1
"Just had an emergency meeting at Ansar, Ansar &amp; Ansar Lawyers about how to discredit the news the Germanwings co-pilot was a Muslim convert",30,43,1544,312,1
Report: Germanwings Co-Pilot Treated For Depression http://t.co/ewynIJ23A2,21,40,3449966,73908,1
BREAKING: Germanwings co-pilot was Muslim convert http://t.co/iCRwOsU1uq,7,27,9829,8657,1
GERMAN NEWS REPORT: Co-Pilot of Germanwings Airbus Was MUSLIM CONVERT ‚Ä¶‚ÄôHero of Islamic State‚Äô http://t.co/JDZ3vZuO2k http://t.co/NqHmAGt6Mf,10,33,52889,16335,1
GERMAN NEWS: Co-Pilot of Germanwings Airbus Was MUSLIM CONVERT ‚Ä¶‚ÄôHero of Islamic State‚Äô?  http://t.co/VMXFNVRJEb http://t.co/CiXotBOh74,42,112,14151,12264,1
#Germanwings #CoPilot was a recent Muslim convert as well as a psychiatric patient. #ISIS is lauding him as a hero. http://t.co/J29Y3tDjOP,5,41,4021,4422,1
GERMAN NEWS REPORT: Co-Pilot of Germanwings Airbus Was MUSLIM CONVERT ‚Ä¶‚ÄôHero of Islamic State‚Äô? http://t.co/Pw2kxje31m via @gatewaypundit,5,27,102889,54515,1
"If the #Germanwings copilot #Lubitz was Muslim,it wud hv been a classic terrorism case.But hes not brown,so clearly it a mental heath issue!",48,86,1223,286,1
BREAKING: German Media Site Says Germanwings Co-Pilot Was Muslim Convert http://t.co/bTKvcLMN60 via @anyclinic,26,48,571658,453460,1
"#WakeUpAmerica 
Co-pilot was a Muslim Convert 
http://t.co/RYFQTVBYBL
@seanhannity @greta @act4america 
@KrisParonto @JGilliam_SEAL",23,55,10005,9113,1
#√öltimahora Es tracta d'un aparell de Germanwings amb 152 passatgers a bord http://t.co/hT5BhpuGuv,10,51,179430,74,0
Route map now being shared by http://t.co/LZkOXadHKa. #4U9525 https://t.co/Hq8KbP2aus,30,235,20839,1354,0
Pray for #4U9525 http://t.co/II7Rl24ffH,8,49,3237,600,0
"Airbus A320 #4U9525 crash: 
Flight tracking data here: 
http://t.co/9W6hfTGYQV #airbus http://t.co/RchXQsoqdJ",9,47,11982,1598,0
Flightradar24 has this as the plane's last position. #4U9525 https://t.co/KffO4s4N6G,8,36,20838,1354,0
IMAGE: Flightradar24 has this as the plane's last position. #4U9525 http://t.co/CIeAyJ4AOf - @BBCRosAtkins,2,46,35880,946,0
Last position Germanwings A320 via @flightradar24 http://t.co/kJ5F9vlNQs,8,72,48000,426,0
"Germanwings A320 D-AIPX is one of the oldest A320 with serial number 0147 and was delivered in Nov 1990
#4U9525 http://t.co/SW9ykvWtnW",273,1687,214191,369,0
Last few positions of the @germanwings flight plotted on a map http://t.co/UX5G1gYGX7,21,135,17052,234,0
JUST IN: Airbus plane operated by Lufthansa's Germanwings budget airline crashes in southern France: Officials,15,167,327162,149,0
BREAKING Last few positions of the @germanwings flight plotted on a map http://t.co/wryDeXWNPV /@planefinder,31,183,56304,382,0
"Playback of flight #4U9525 is available on http://t.co/FHoX6q0GHt
Pictures http://t.co/VWG2skC75J http://t.co/e4D5Tx8n1x",255,889,214139,369,0
"An Airbus A320 plane operated by Germanwings crashed in France near Digne les Bains, French Prime Minister says. http://t.co/iWeLBpmiHS",569,1609,25303034,113,0
"MORE: #4U9525 jet belonged to Germanwings low-cost, authorities confrm the crash, debris found http://t.co/zU6hn03xzU http://t.co/0yWIEnAtJT",24,168,891868,482,0
Germanwings Airbus A320 crashes in French Alps: What we do and do not know http://t.co/3xKSCtFFwT http://t.co/ugwghZVbHr,14,104,1103546,1758,0
BREAKING: Germanwings Airbus A320 en route from Barcelona to Dusseldorf crashes in southern French Alps -- French PM. http://t.co/UhEDxeVTkX,71,539,3360720,335,0
Playback of flight #4U9525 with speed and altitude graph is available on http://t.co/FHoX6q0GHt http://t.co/amfKBbdeok,579,2289,214131,369,0
"Here is the speed and altitude graph of #4U9525 from @flightradar24. Scary stuff, shows it impacted ground at 400kts http://t.co/2ZYbh4MIih",54,230,1677,391,0
"Likely there'll be ""no survivors"" in #Germanwings crash, French President Francois Hollande says. Follow our coverage http://t.co/KH4ZKClfml",497,961,14132262,3,0
UPDATE @flightradar24 altitude &amp; speed chart of #4U9525 http://t.co/wGXZMtDVDI http://t.co/pFdVDioV0e,45,276,58392,383,0
The route of the Germanwings Airbus A320 plane which has crashed. Updates of #alpscrash here: http://t.co/L8qr5Lp1c1 http://t.co/vG7819ORUd,6,31,113533,604,0
BREAKING NEWS: Germanwings flight GWI18G crashes in French Alps: http://t.co/v8yssTEbHR http://t.co/GA8ZdGUq30,37,111,796937,385,0
DEVELOPING: Flight log of GWI9525's Airbus A320 last recorded movements #Germanwings http://t.co/gkBze2MTkx,25,105,1104578,1758,0
Location of #Germanwings plane crash. http://t.co/9a9ZLDN4o7,46,144,2742722,8137,0
What we do and do not know about Germanwings flight 4U9525 http://t.co/9oV6x1lrrf http://t.co/ZFaHUwPx4B,15,41,1103567,1758,0
"PHOTO: This 2014 file photo shows a Germanwings Airbus 320 parked at the airport in Duesseldorf, Germany: http://t.co/XeGdvCUcO9",32,81,4965744,7338,0
"FOX NEWS ALERT: Germanwings Airbus A320 was 24 years old, traveling from Barcelona to Dusseldorf http://t.co/OvBETeYbMt",9,31,418645,1859,0
"#4U9525: The age of the A320 (24 years) is not particularly unusual, though it is at the higher end of the curve.",3,28,7045,347,0
Playback of flight #4U9525 with speed and altitude graph is available on http://t.co/MOQyH9KUrL http://t.co/J084cUaebe (via @flightradar24),4,26,1083,238,0
#Germanwings Airbus A320 flight was travelling from Spain to Germany when it crashed. http://t.co/EDoH4hAD7w http://t.co/ODxFHTAWY9,5,28,405445,372,0
R.I.P. My sincere condolences to @germanwings colleagues and families. http://t.co/Ht8srgXkZ2,22,34,1622,1064,0
Germanwings Airbus A320 crashes in French Alps - live updates http://t.co/ZCHyZHUQ6Y,6,32,1683876,1317,0
Thoughts &amp; prayers with the loved ones of the passengers on-board @germanwings #4U9525 #AirbusA320 . Horrendous tragedy.,29,34,148669,233,0
#A320 Germanwings plane crash: Majority of victims likely to be German says French President http://t.co/U4yg4ndyBo http://t.co/eHb2UetmxI,5,26,124675,1755,0
"A320 search &amp; rescue teams are said to be heading to the crash site at M√©olans-Revel in the French Alps
#Germanwings http://t.co/gkBze2MTkx",6,51,1103424,1758,0
DETAILS: #Germanwings Airbus #A320 crashes near small town of #Barcelonnette in Alpes-de-Haute-Provence #4U9525 http://t.co/zU6hn03xzU,12,71,891882,482,0
This is what we know about the Germanwings Airbus A320 plane crash so far http://t.co/DsZnmtgLun http://t.co/0X1MgYByK8,18,87,903752,2353,0
And I've just heard the news of the GermanWings plane crashüòûthoughts go out to those involvedüòû,351,75,323454,958,0
It‚Äôs not just CNN. This France24 anchor is asking whether it‚Äôs normal that planes would fly over mountains. #4U9525 http://t.co/fR6EGJbfKQ,39,57,7039,347,0
UPDATE CRASH This is what we know about the Germanwings #4U9525 Airbus A320 plane crash so far http://t.co/Ah5H6qxIRp,10,63,58348,383,0
#BREAKING: Hollande expresses 'solidarity' with families of A320 airbus victims #Germanwings  http://t.co/gkBze2MTkx http://t.co/1jNcOSTS1Q,21,69,1103461,1758,0
Last position of the #GermanWings Airbus A320 passenger jet that crashed in the French Alps http://t.co/8UPMsinQkX http://t.co/K3etnEPmxk,20,138,1963542,17,0
Germanwings plane crashes in southern France http://t.co/Y4vqLg5RL8,7,106,508469,86,0
VIDEO -  BREAKING NEWS - Germanwings plane crashes en route from Barcelona to Dusseldorf http://t.co/0LdGZfSU5w http://t.co/e7tB0eENhi,5,31,93672,1182,0
RT @flightradar24: Playback of flight #4U9525 with speed and altitude graph is available on http://t.co/ngHGFS1e0a http://t.co/9Wogkx8RgT,8,35,799450,260,0
The point that @flightradar24 last tracked @germanwings #4U9525 at just over 2000 metres. https://t.co/2BlIrW3Saf http://t.co/zknvHXSXB7,7,29,328,857,0
NEWS Germanwings flight crashes in south of France http://t.co/Iy99ucFqQ0,5,37,57432,383,0
My thoughts are with all the people on the missing Germanwings flight and their families!,188,78,207962,65,0
"At our last position report of 10,275ft we had the ground level at 3,300ft #4U9525",11,59,17303,235,0
"Seeing painful speculation very early. Very little is known. Stay calm, care for victims, their families, and gather true info. #4U9525",44,49,44760,2245,0
Germanwings crash: French Interior Minister Bernard Cazeneuve says debris from the plane has already been found http://t.co/hHgN2S6ouT,8,33,327147,149,0
"Just landed, Barcelona to Kaunas. Found out about the Germanwings airplane tragedy. Our thoughts are with the passengers and their families.",53,72,28516,93,0
FOX NEWS ALERT: Search and rescue underway...teams headed to Germanwings plane crash site in French Alps http://t.co/kBkbqYUegs,6,26,418645,1859,0
Everything we know about the Germanwings plane crash in France http://t.co/o0ZSGb1lQq http://t.co/N4TTbxlOY4,8,26,69842,60,0
We are now tracking helicopters in the area where #4U9525 went down http://t.co/ylSF3zHgYa,39,126,17303,235,0
Subscribe to our Twitter list for latest reports on #Germanwings' #Airbus crash http://t.co/tDzAfiZtne http://t.co/5A72oANlJL,141,220,9358043,61,0
PHOTO: The area where #4U9525 crashed: Prads-Haute-Bleone http://t.co/a3Lu8SD5tw - @L0gg0l,15,75,35880,946,0
"Lufthansa CEO Spohr: ‚ÄúIf our fears are confirmed, this is a dark day for Lufthansa. We hope to find survivors.‚Äù #4U9525",7,28,7044,347,0
#BREAKING: A helicopter has located the Airbus A320 crash scene - officials #germanwings #A320 http://t.co/JLDCz6AhFR,9,94,1103558,1758,0
Airport operator Aena: Crashed #GermanWings jet took off from Barcelona airport at 0855 GMT http://t.co/8UPMsinQkX http://t.co/4IpoDSEy7U,15,81,1963542,17,0
#4U9525: #Hollande expresses his solidarity to families of #Germanwings crash victims http://t.co/XTMaa9mAV2 http://t.co/LwWifZXb5X,22,41,891882,482,0
Malaysia and Indonesia have yet to recover from #MH370 #MH17 and #QZ8501. Our prayers for families of those aboard @germanwings #4U9525,7,90,167118,214,0
"Debris from the Germanwings crash has already been found, says French interior minister http://t.co/q1I8tkghmf http://t.co/OzZRBMLDD8",31,145,893556,270,0
Deeply shocked to learn about crash of flight #4U9525 in France. Our thoughts and prayers are with the victims &amp; their families @EPPGroup,9,27,3764,617,0
DETAILS: #4U9525 flight crash has been the first accident in history of #Germanwings. http://t.co/WKhAjiH6pQ #A320,4,28,69528,77,0
#Germanwings Airbus 320 was on its way from Barcelona to Dusseldorf. Disappeared off radar after 11am local time http://t.co/ZPzV2KfigR,4,52,171529,689,0
"I don't get it ... The #Germanwings flight descended 31.000 feet in 10 minutes and didn't change course at all, acc. to Flightradar data ...",6,27,24365,580,0
.@Bulc_EU: Our thoughts are with the families of the passengers on board of #Germanwings #Airbus #A320 - http://t.co/DYmEa3Wc6p,42,127,363539,940,0
This morning my thoughts and prayers are with all the people on board the #Germanwings flight and their families.,141,86,2257090,1093,0
"UPDATE: 240 firefighters, 210 policemen are on their way to the crash site http://t.co/WKhAjiH6pQ #Germanwings #4U9525",3,36,69527,77,0
Airplane crash Germanwings. http://t.co/wtW1f2Krsy,17,176,47,242,0
"Germanwings crash: ""The accident happened in a zone that is particularly hard to access."" http://t.co/on24GtCYyv",7,41,220744,324,0
"France's Interior Ministry says debris located at 2,000 meters altitude in French Alps. #Airbus #A320 #GermanWings",6,35,7849,723,0
BREAKING: A Germanwings jet crashed in France as it traveled from Barcelona to Dusseldorf http://t.co/vqUUuspIFk http://t.co/mwguIFT1iu,9,77,756341,41131,0
"French PM: France has been plunged into a deep sadness... compassion, solidarity with all victims' families #Germanwings",10,26,16891,929,0
#AirbusCrash According to @flightradar24 this is the actual #Germanwings plane that has crashed. http://t.co/pkDHz6248P,8,57,450414,736,0
France‚Äôs La chaine m√©teo weather site says weather ‚Äúcalm‚Äù in area of #4U9525 crash http://t.co/xZViemijJd http://t.co/BbvToAEEoD,8,32,7043,347,0
Live updates: #Germanwings crash in Alps http://t.co/J37vkD8ANF #4U9525 #Germany http://t.co/F4mjj1lnsK,9,36,43584,373,0
I have learned about the plane crash #4U9525 in France. Our thoughts are w/ families of passengers. EU services will assist in investigation,50,109,8044,713,0
Last position data of flight #4U9525 directly from Flightradar24 database http://t.co/Cig7OGxQM8,106,266,214211,369,0
Our thoughts are with the families and friends of those aboard the Germanwings flight 9525,47,120,72232,508,0
"Lufthansa: ""If our fears are confirmed, this is a dark day for Lufthansa. We hope to find survivors"" #Germanwings",8,32,16891,929,0
Last known location of crashed Germanwings plane in French Alps: http://t.co/lU1gH1c8dX,49,102,2625232,1298,0
Full csv file with positions and altitude of flight #4U9525 http://t.co/KQ2hmCTkEX http://t.co/VoJPHRYR29,126,286,214174,369,0
France's Interior Ministry says debris located in crash of Germanwings Flight #4U925 in South France - @AP http://t.co/by471NAzFg,32,137,7411829,522,0
Germanwings flight #4U9525 from Barcelona to Dusseldorf has crashed in southern France: http://t.co/0CsH1Me9E8 #9News http://t.co/iGnR19xh4Q,4,39,179902,1162,0
"French interior ministry: Debris from #GermanWings Airbus A320 #4U9525 at 2,000m altitude http://t.co/8UPMsinQkX http://t.co/MIu94nhNbr",19,88,1964051,17,0
nearly perfect loop around crash area by @Armee_de_lair EC-135. #germanwings @Missilito http://t.co/oedXpF89td,17,49,612,284,0
Latest on the #GermanWings crash from our correspondent @H_E_Samuel http://t.co/q1I8tkghmf http://t.co/jbplIKZ6EW,11,41,893678,270,0
"The twin-engine Airbus A320 is considered among the most reliable aircraft, http://t.co/9Fkd9fPd3e #germanwings http://t.co/R9ag4dGnID",161,372,124671,1267,0
"Germanwings flight #4U9525 from Barcelona to Dusseldorf has crashed in French Alps.
http://t.co/FHoX6q0GHt
R.I.P. http://t.co/oUOhJrHxko",468,2065,213032,368,0
#BREAKING Lufthansa chief says 'don't know yet what happened' to crashed Germanwings flight,12,115,360866,498,0
All my thoughts with passenger's and crew's families at this difficult moment #Germanwings,72,142,14007,1272,0
"#Germanwings A320 debris spotted at 2,000m above sea level in Alps - police source http://t.co/zU6hn03xzU #4U9525 http://t.co/ymo5yF97PB",24,74,891877,482,0
R.I.P to the passengers aboard the @germanwings flight over France today &amp; Love to their families &amp; friends,2541,1565,1987681,33382,0
#Germanwings flight with at least 142 passengers and crew of six goes down in the Alps region. http://t.co/4SXbd0uiVA http://t.co/3t9Agmtciy,9,119,2346671,146,0
"""If our fears are confirmed, this is a dark day for Lufthansa,"" #Germanwings' parent company says after crash http://t.co/nIKx2M38Fm",350,624,14132408,3,0
#Lufthansa tweets on #Germanwings #4U9525 crash - LIVE UPDATES http://t.co/zU6hn03xzU http://t.co/k0jbLmv84k,30,104,891868,482,0
I'm horrified at the anti-Catalan and anti-German tweets coming from Spanish trolls on Twitter. I will not RT them. #Shame #GermanWings,108,266,12605,3127,0
Sincere condolences to all the families and friends of those that perished in a terrible air catastrophe of flight #4U9525,48,59,60840,242,0
"Debris of #4U9525 #A320 airbus located in French Alps crash at 2,000 meters altitude http://t.co/JLDCz6AhFR?? http://t.co/gvxG16a8Cm",16,86,1103772,1758,0
French president Hollande does not expect survivors from #Germanwings plane crash http://t.co/0YLB5DTeso http://t.co/UK8LVyuBbN,33,133,2168889,2881,0
Germanwings  flight 4U9525 crashes in French Alps: a 'dark day' for Lufthansa if #4U9525 fears realised - live http://t.co/9la7dYRcUz,10,74,3404385,1084,0
Watch our live and rolling coverage of #Germanwings plane crash in southern France: http://t.co/d0osIRFVQR http://t.co/e9n4uq3fDj,30,194,2346667,146,0
Debris from the #GermanWings plane that crashed in France is scattered over a remote area high up in the Alps http://t.co/K8eoAxT9ZD,28,88,1963559,17,0
LIVE A French Air Force EC-135 is flying over there area of crash #germanwings http://t.co/6z0zeNMoSN http://t.co/Ah5H6qxIRp,38,198,56016,382,0
"French PM says he fears those aboard the #Germanwings Airbus A320 jetliner may be dead. http://t.co/AJji9cN1w2
https://t.co/8q1zCYZhN5",135,549,16318733,1074,0
"‚ÄúIf our fears are confirmed, this is a dark day for Lufthansa,‚Äù says CEO of Germanwings' parent company after crash http://t.co/tJVCCJSY4G",49,118,6049907,1012,0
Do follow us on @malaysiakini for the latest updates of the ill-fated #GermanWings http://t.co/9w8cZcIrwn http://t.co/NT2ugn0iEp,21,56,338251,30,0
"Praying for Germanwings A320 passengers &amp; their families &gt; 

http://t.co/Ug4ULnF6XL

#germanwings #A320",45,111,93162,10,0
#Germanwings plane crash: what we know so far http://t.co/q1I8tkghmf http://t.co/Lywc9MHPgj,12,108,893416,270,0
Yesterday #4U9525 took exactly the same route so yes it is a normal route! http://t.co/bjRgZomyAb,18,75,17308,235,0
"Crashed #GermanWings A320 Airbus is 24 years old, ID D-AIPX, first flight was in November 1990 http://t.co/8UPMsinQkX http://t.co/3ggahAQ3Pu",39,169,1963403,17,0
"French officials say they have now spotted debris from #Germanwings flight, more than 6K feet high in the Alps. -- @NorahODonnell",7,31,171530,689,0
"Dreadful news about the Germanwings crash. Impossible to tell cause from FlightRadar info, so let's not speculate. Thoughts with families.",90,53,10266,318,0
UPDATE Yesterday #4U9525 took exactly the same route /@planefinder http://t.co/wFg8KTSve2 http://t.co/UyLWPJArJ5,19,81,58414,383,0
Why do these catastrophes happen?Awful news about the #germanwings plane that has crashed. Thoughts are with those affected. Very sad indeed,47,38,408652,796,0
"FOX NEWS ALERT: @GregPalkot has the breaking details on #germanwings crash
https://t.co/IzNWpMEfUt",6,26,418645,1859,0
It's a tragic day for France &amp; for Europe. I want to express solidarity with family &amp; friends of crew &amp; passengers of #4U9525 #Germanwings,19,30,40997,1341,0
French President Fran√ßois Hollande says he does not believe there will be any survivors of #germanwings crash http://t.co/ZBX37Z3Jbw,13,47,5122905,2801,0
"#GermanWings A320 Airbus 24 yrs old, first flight was in November 1990 http://t.co/zU6hn03xzU #4U9525 http://t.co/picb9shVF2",33,102,891882,482,0
"Our thoughts are with the passengers and crew of flight 4U-9525, their families and friends. United by wings, @lufthansa @germanwings",356,276,46029,4893,0
What we know about the Germanwings crash so far http://t.co/G8jyRegGrc http://t.co/UMWNHdT8HH,10,66,295305,88,0
This is the last radar contact with the #A320 #Germanwings plane http://t.co/ajdUDFMgAv http://t.co/YtVGPmKmFh,15,88,903628,2353,0
"As you hear reports on the Germanwings crash, remember to be patient. The truth takes time. http://t.co/gbwzS3PIKG http://t.co/sSGhE6BLYc",79,221,56010,1902,0
For the LATEST UPDATE on the #germanwings plane that crashed in Southern France click http://t.co/WaB80Cd3EC,13,84,407541,97,0
My most sincere condolences to the victims of flight #4U9525 catastrophe and their relatives. No words can help but we stand by you.,27,78,92303,120,0
"Germanwings flight 4U9525 crashes in French Alps: weather calm at time of crash, debris found - live updates http://t.co/kRtcwgrW86 #4U9525",25,126,3404450,1084,0
FM #Steinmeier on #planecrash in #France: Terrible news. Our thoughts are with those who must fear for the lives of their relatives. #4U9525,41,119,50021,312,0
Some follows for info on reported German plane crash in France: @lufthansa / @Airbus / @ECiotti / @germanwings http://t.co/ElBP57fxxw,7,37,756640,361,0
"No survivors are expected from the Airbus A320 crash, the French President says.  http://t.co/5VmBfIGlj2 #germanwings http://t.co/sOmZfCrxMR",407,1535,16318695,1074,0
Single-aisle Airbus A320s are the workhorses of the global fleet &amp; proliferate across European skies #4U9525 http://t.co/pe6OCMiy0q,130,401,49214,2833,0
UPDATE CRASH #4U9525 The arrivals board at Dusseldorf Airport http://t.co/wFg8KTSve2 http://t.co/P9d4CguBBi,54,204,58381,383,0
"2/2 on 4U 9525. If our fears are confirmed, this is a dark day for Germanwings."" Carsten Spohr",81,145,186387,720,0
"""No survivors"" from #Germanwings crash in the Alps, French transport minister says http://t.co/iw1QLzJQKW http://t.co/Q0ssqcSKp2",840,3300,14132291,3,0
Flightpath of Germanwings A320 http://t.co/SHVkyEy4Ug http://t.co/aZouLEdgeI,47,151,5471765,5565,0
Family and Friends of flight #4U9525 will be in my prayers. May God take care.,1203,310,102630,58,0
Here's a recap of the key points so far in the #GermanWings Alps plane crash. Live updates: http://t.co/8UPMsinQkX http://t.co/hNjZvcruqq,38,164,1963543,17,0
Germanwings has darkened its logo on Twitter after crash in French alps - Latest: http://t.co/DztGD0IPZV http://t.co/xc5GZn8l8r,108,248,4054370,862,0
BREAKING #GermanWings Here is a photo from helicopter of the crash area /France2 journalists http://t.co/wFg8KTSve2 http://t.co/RnC5gT5w40,247,1323,55994,382,0
#Germanwings crash: Arrivals board at #Dusseldorf airport http://t.co/zU6hn03xzU http://t.co/MOQt2LDido,36,141,891630,482,0
.@germanwings have darkened their logo on Twitter following the crash of one of their planes in the French Alps http://t.co/9qIAn60uob,74,256,3586,1868,0
It will be a dark day for us if #Germanwings plane crash confirmed says Lufthansa http://t.co/zoav2Dq617,32,117,407431,97,0
#Germanwings #4U9525 crash &amp; response sites &amp; LIVE UPDATES &amp; reactions http://t.co/zU6hn03xzU http://t.co/eJied1gWxq,28,107,891882,482,0
PHOTO: Arrivals board in Dusseldorf Airport shows information for Germanwings plane that crashed in French Alps http://t.co/dymPQUJEHx,45,118,4054371,862,0
Our thoughts are with the passengers and crew of flight 4U-9525 and all relatives and colleagues #unitedbywings @germanwings @lufthansa,140,146,121093,274,0
IMPORTANT: INFORMATION TELEPHONE FOR RELATIVES OF #A320  TF 00 49 80 011 33 55 77 @germanwings,6,109,69965,828,0
This picture from a helicopter sent to the #Germanwings Alps plane crash site shows how remote the area is http://t.co/Fo6h66ZehE,44,204,1963403,17,0
Here's what we know so far about the #Germanwings flight that crashed in the French Alps http://t.co/3cruv6QIyv http://t.co/7QmHuwhkRi,57,134,2168898,2881,0
Our thoughts &amp; prayers are with the families and friends of @Germanwings #4U9525 passengers &amp; crew.,59,127,108290,763,0
BREAKING: @lufthansa and @germanwings @Lufthansa_DE have changed their logos to blac as a mark of respect  http://t.co/AnST3O0yXm -  FlightC,89,241,56006,382,0
Germanwings has posted the following updated statement via Twitter: http://t.co/q1I8tkghmf http://t.co/odiENY7FDw,33,171,893563,270,0
WATCH LIVE: France 24 coverage of Germanwings plane crash - http://t.co/MeN3sT6IwX http://t.co/e9RxyC7w6m,38,102,30780,185,0
Lufthansa and Germanwings have established a telephone hotline. The toll-free 0800 11 33 55 77 number is available to all the families 3/5,256,1024,147222,85,0
of the passengers involved for care and assistance. Everyone at Germanwings and Lufthansa is deeply shocked and saddened by these events.4/5,233,679,147222,85,0
"BREAKING Emergency units staging in Seyne-les-Alpes, near #4U9525 crash site /@Aviaponcho http://t.co/wFg8KTSve2 http://t.co/NaHq3MIOlz",72,439,58345,383,0
Family members of victims of @germanwings crash arrive at Barcelona's El Prat airport http://t.co/wf2xONhzNQ http://t.co/CBDPm6JiHv,53,188,13564,533,0
Lufthansa and Germanwings have established a telephone hotline. The toll-free 00800 11 33 55 77 number is available to all the families...,118,482,186463,720,0
Weather deteriorating for #GermanWings #4U9525 search &amp; rescue operation with snow above 1500m in S French Alps. CF http://t.co/Uf8e1M0otE,61,158,197289,10,0
"Helicopters are bringing bodies to a school gymnasium near site of #Germanwings A320 crash. http://t.co/4RUSYV7IUc
https://t.co/fQWAbR5Ea4",286,844,16318698,1074,0
"Not yet clear if any UK nationals in #Germanwings crash; thoughts with relatives, Downing Street says http://t.co/slDKtp3mMK",429,267,14132334,3,0
The Twitter accounts @lufthansa and @germanwings have turned their logos black. http://t.co/cEEj2mHVPG,43,204,756536,361,0
"#Germanwings change their logo to grey and white as a sign of mourning #4U9525
http://t.co/NK5U1GpHxL http://t.co/fZrvGy5p7w",60,160,1103786,1758,0
LIVE A French AirForce C-135 still over the area of #Germanwings Crash. http://t.co/wFg8KTSve2 http://t.co/JKMsJ8wL7P,45,200,56180,382,0
UPDATE #Germanwings CRASH Here is the 3D flight path from FlightAware http://t.co/wFg8KTSve2 http://t.co/D4eu3XlDy2,53,290,56068,382,0
#Germanwings Airbus is first crash of airliner on French soil since Concorde disaster: http://t.co/kE109W7CFT http://t.co/lKpUNUQNsu,89,324,6444876,1053,0
My deepest condolences to the families of the victims of the flight that crashed in France this morning. http://t.co/4TixfKkRhJ #germanwings,84,139,236059,348,0
Rescue teams near #4U9525 crash site http://t.co/zU6hn03xzU (pics via @ActuSecours) #Germanwings http://t.co/IDeO1SpaM4,65,296,891879,482,0
"My thoughts, prayers, and deepest condolences go out to the passengers and families of flight #4U9525 http://t.co/piNxBaQc5F",1123,1545,183150,68,0
"#4U9525 was following the same flight path as yesterday
Yesterday http://t.co/59MOETk0Gd
Today http://t.co/21vkfBS38D http://t.co/BynF6vlVE0",152,375,214154,369,0
"There are no survivors in the #Germanwings plane that was en route Barcelona, Spain, to Duesseldorf, Germany. Click http://t.co/X0FvJ9xpYu",32,282,407429,97,0
My thoughts are with the friends and family of the passengers of Germanwings flight 4U9525.,473,179,251312,488,0
"German chancellor Angela Merkel ""deeply shaken"" by #Germanwings crash, spokesperson says http://t.co/rpzUdmE3s0",368,485,14132273,3,0
BREAKING -4C on the #Germanwings crash site. Snow and wind expected in few mins. http://t.co/wFg8KTSve2 http://t.co/nm3JRSZ5da,51,227,56005,382,0
"Update: Latest Images of the rescue operation of #4U9525. 
(Pic via: C√©dric C./ActuSecours)  http://t.co/ezktB3SXaA - @PollyR_Aviation",30,157,58401,383,0
Follow our LIVE coverage of the #Germanwings flight 4U 9525 crash in France: http://t.co/QDmrXB1v6I http://t.co/pgwTvW4fzb,34,124,258614,50,0
French Air Force Boeing C-135FR Stratotanker flying over #4U9525 crash site http://t.co/Hv3kJZ28a9 http://t.co/EQl9ysUiXN,204,559,214166,369,0
"What we know about low-cost airline Germanwings whose plane crashed in the French Alps today
http://t.co/dpVjeGkEGT http://t.co/0HkXddItLs",48,147,5123107,2801,0
Helicopters and emergency vehicles are arriving in southern France. #Germanwings http://t.co/2Ry7Itpo4L,77,186,5005734,384,0
#Germanwings to hold press conference at 10a ET with the latest details on the plane crash. http://t.co/wBsvfOhd3Z http://t.co/CbPBXwhT1z,50,119,5005748,384,0
All 150 people on a #Germanwings plane which crashed in the Alps are thought to have died http://t.co/8UPMsinQkX http://t.co/RoM2b1e6zA,36,137,1963374,17,0
150 feared dead in #Germanwings Airbus crash. LIVE coverage: http://t.co/Jk9jZjl7Tp http://t.co/YgcKHyNToQ,38,165,258613,50,0
Today's flight path of #4U9525 is exactly matching yesterday's flight path until the moment when signal was lost http://t.co/eC62SfY9Ga,178,526,214120,369,0
Last known position of Germanwings flight: http://t.co/m9ZF6fy8yk http://t.co/wc8gKPxUAc,46,206,4794,258,0
"Our thoughts are with the families and crew of @germanwings following the loss of #4U9525, operated by @lufthansa subsidiary @germanwings.",94,128,139856,382,0
"Germanwings Airbus A320 climbed to 38,000 feet before starting to descend and lose signal http://t.co/4xRU5mICvz",30,128,7117187,776,0
Crash of the Germanwings flight is extremely unfortunate. We share the sorrow &amp; pain of the families of those on board.,1985,1230,10912786,1073,0
"Germanwings flight that crashed in French Alps had 144 passengers and 6 crew on board, airline's CEO says. http://t.co/EOKW9FoIJ4 #A320",35,134,3360719,335,0
Photos show emergency services in French Alps after #Germanwings crash  http://t.co/teojxJoBMX http://t.co/EAVYroXyz0,606,914,14132272,3,0
"What we know so far about #GermanWings #AirbusA320 crash with BBC's @christianfraser
https://t.co/ZROmvZn8Ko",106,264,9357972,61,0
"Rescue workers gather in Seyne, south-eastern France, near the site where a Germanwings Airbus A320 crashed. http://t.co/e0qFNMS8PW",69,375,360886,498,0
We're shocked and devastated. Our deepest sympathy goes out to the families of all the victims. Our thoughts are with you all. #4U9525,392,469,351049,48,0
BREAKING VIDEO of the #Germanwings #4U9525 crash area http://t.co/wFg8KTSve2 http://t.co/sXS0kTX3b3,30,131,58397,383,0
Our thoughts are with all the passengers and crew members on board @Germanwings flight #4U9525 and their loved ones.,224,230,649622,49,0
"UNCONFIRMED: this image, reportedly from local newspaper le Dauphine, also circulating. #4U9525 http://t.co/zUekdRYRPm",36,177,7038,347,0
"PHOTO: Another image of crash site from #4U9525. (Pic via @laprovence) 
 http://t.co/K4O8fxQqzn - @PollyR_Aviation",31,162,58380,383,0
"Nightmare! My thoughts go out to the victims, their family and friends.üôè #RIP #4U9525 #MH370 #MH17 #GE235 #QZ8501 #AH5017 #TooManyCrashes",393,389,411411,689,0
"‚Üí http://t.co/6W6HpstrfA #planecrash plane crash Drexel University graduate, mom among Germanwings plane crash victi‚Ä¶ http://t.co/htTp0ALZye",2,27,21540,21507,0
"If one pilot leaves, somebody else is supposed to go in so there are always 2 people - @richardquest on #Germanwings http://t.co/kckkBkqjVh",49,121,525630,139,0
The reasons why they haven't yet released the names of the pilots of the Germanwings plane suddenly seem so clear.,32,37,32044,553,0
Tony Abbott seeks advice about cockpit rules in wake of Germanwings crash http://t.co/UAGCk9kt65,12,28,3415568,1084,0
Germanwings crash: 3 different scenarios to unlock and lock the cockpit door http://t.co/WZpdG4wFY1 http://t.co/Bka6z48jHW,143,251,15905460,987,0
"Do you have questions about the #Germanwings crash? CNN experts answer #GermanwingsQs: http://t.co/eXKydn7mrd
https://t.co/DChp07sO0w",113,147,16352546,1074,0
What we know so far about the #Germanwings crash: http://t.co/eV7PQABBTz http://t.co/Q7wY7GER82,87,111,3372613,336,0
#Germanwings Flight 9525 co-pilot deliberately crashed plane! My #Prayers go out to the families! http://t.co/FhKlA2k3pL,0,118,2130625,772,0
#Germanwings Flight 9525 co-pilot crashed plane! My #Prayers go out to the families! http://t.co/9Ek6j6hnMS http://t.co/xj9awb6Trh,20,1286,2130625,772,0
Co-pilot of Germanwings intentionally crashed the plane but he's white so he's not a terrorist.,387,1762,529,578,0
"‚ÄúThere's no black box for the human being,‚Äù says @milesobrien of the #Germanwings crash http://t.co/rVGxkdbmkF",28,42,657988,131042,0
"With the #Germanwings tragedy, try to remember Captain Patrick Sonderheimer, who tried to kick down the door and save the plane.",46,36,924,594,0
Germanwings could face enormous legal liabilities in the crash that killed 150 people http://t.co/3nV929P1uc,19,38,973864,161,0
There were about 100 families‚Ä¶ close enough to see the helicopters - @NicRobertsonCNN on #Germanwings memorial http://t.co/4rsPH7Ke3h,14,26,526505,139,0
"#Germanwings crash: How did co-pilot keep the captain out of the cockpit? via @OutFrontCNN
http://t.co/MLAsT2KsuE http://t.co/YQkbk9NdqT",78,136,121800,642,0
A tribute to the lives lost on #Germanwings Flight 9525 next on #AC360 http://t.co/zDHWF3pYN9,75,66,526227,139,0
"#Germanwings black box data released in 48 hrs but #MH17 data not released after 8 months Why?
http://t.co/ZaNa7mXvng http://t.co/U94WB4f8Uu",22,70,6329,2761,0
It could be better to have zero pilots in a cockpit instead of one: http://t.co/ig0Z2boPOn #Germanwings http://t.co/JbA8I3MuKk,35,40,1331499,528,0
Here's why the Germanwings crash scenario is less likely in the U.S. http://t.co/BTnZb7sEoT http://t.co/kY6SgGcDav,52,72,2174492,2880,0
These are the cliffs #Germanwings rescuers are up against in #SeyneLesAlpes. A brand new hour of #AC360 begins now http://t.co/cvHAxyKUr9,61,111,526237,139,0
"Two gut-wrenching pieces about the #Germanwings crash:

From the mind: http://t.co/ZkbPirdJJB

From the heart: http://t.co/t7FoLVDjnE",70,30,20798,570,0
JUST AHEAD: Could what happened with #Germanwings plane happen in the U.S.? Panel weighs in next on #KellyFile.,29,25,935004,1171,0
"A co-pilot deliberately crashed the Germanwings plane killing 150 people yet ""there was no indication that it is an act of terrorism""? Pftt!",76,158,52596,80,0
"To cap its liability, the airline has to prove it was without fault - Aviation Attorney Justin Green on #Germanwings http://t.co/l14sBZkwGA",19,30,526552,139,0
#AP10Things to know for Fri.: Turmoil escalates in Yemen; How airlines are responding to Germanwings crash: http://t.co/FHFMJtSNpm,14,40,4985219,7337,0
Relatives of those who died on board Germanwings Flight 9525 gathered near the crash site: http://t.co/YrdZjge5PU http://t.co/Q9S8fz2soj,85,128,6066388,1013,0
‚ÄúThe horror. It‚Äôs all there in the sound of Lubitz breathing.‚Äù @PGourevitch on the #Germanwings crash: http://t.co/Ek1hiZwR4P,219,300,4527590,279,0
"Look, if Obama had cut taxes on the rich, then they'd all buy private jets and flight safety would just trickle down to #Germanwings",102,50,109941,86488,0
A look at the cockpit-security measures that prevented Germanwings pilot from reentering: http://t.co/vRv13M66Ez http://t.co/CXROfyWrBH,25,49,1324856,10772,0
A tribute to the lives lost in #Germanwings crash set to music from #OlegBryjak &amp; #MariaRadner http://t.co/Uq0HXLcnSk http://t.co/LKWqgecgbX,73,56,526514,139,0
RT @Sponkymusiclady: Especially sent to the families of the Germanwings terrorist attack! http://t.co/qtAtLBd0rr,0,36,2303,0,0
Airlines begin requiring 2 crew members in cockpit at all times after #Germanwings crash: http://t.co/buO4yfkjx2,24,31,676651,436,0
This video shows how the cockpit door of the crashed #Germanwings plane was designed to work http://t.co/iZtw2EHHNN http://t.co/n5U9cxvru9,31,49,1971220,17,0
Thoughts and prayers to the families and friends of the passengers of Germanwings Flight 9525. Beyond‚Ä¶ https://t.co/f51rHVQ4Er,554,209,134658,1903,0
